INVOICE NO,PO NO,INVOICE DATE,AMOUNT,EXPECTED PAYMENT DATE,STATUS,CURRENCY,REASON
ISI-22030023,7600000392,13-Jan-20,68056.18,2-Apr-20,Paid,SAR,
ISI-22030529,,3-Mar-20,36254.13,4-Jun-20,Paid,SAR,
ISI-22030282,7600000426,12-Feb-20,53413.99,30-Apr-20,Paid,SAR,
ISI-22031592,7600000426,24-Mar-20,66360,4-Jun-20,Paid,SAR,
ISI-22030695,7600000426,26-Mar-20,16590,4-Jun-20,Paid,SAR,
ISI-22030763,7600000426,26-Mar-20,13272,4-Jun-20,Paid,SAR,
ISI-22030997,7600000455,28-Apr-20,18000.15,30-Jun-20,Paid,SAR,
ISI-21932666,,8-Dec-19,13267.28,5-Mar-20,Paid,SAR,
ISI-21932662,,4-Dec-19,8976.24,5-Mar-20,Paid,SAR,
ISI-21932667,,8-Dec-19,33660.9,5-Mar-20,Paid,SAR,
ISI-21932668,,8-Dec-19,110094.15,5-Mar-20,Paid,SAR,
ISI-21932670,,8-Dec-19,22156.5,5-Mar-20,Paid,SAR,
ISI-21932669,,8-Dec-19,21433.65,5-Mar-20,Paid,SAR,
ISI-21932790,,23-Dec-19,40019.07,5-Mar-20,Paid,SAR,
ISI-21932791,,23-Dec-19,111828.99,5-Mar-20,Paid,SAR,
ISI-21932798,,23-Dec-19,45247.3,5-Mar-20,Paid,SAR,
ISI-21932732,,19-Dec-19,42453.01,5-Mar-20,Paid,SAR,
ISI-21932735,,19-Dec-19,29195.79,5-Mar-20,Paid,SAR,
ISI-21932736,,19-Dec-19,29362.66,5-Mar-20,Paid,SAR,
ISI-21932742,,19-Dec-19,44950.24,5-Mar-20,Paid,SAR,
ISI-21932789,,23-Dec-19,33350.18,5-Mar-20,Paid,SAR,
ISI-21932744,,19-Dec-19,33660.9,5-Mar-20,Paid,SAR,
ISI-21932688,,11-Dec-19,14071.64,5-Mar-20,Paid,SAR,
ISI-21932920,,31-Dec-19,39173.23,5-Mar-20,Paid,SAR,
ISI-21932923,,31-Dec-19,33660.9,5-Mar-20,Paid,SAR,
ISI-21932924,,31-Dec-19,27682.49,5-Mar-20,Paid,SAR,
ISI-22030055,,19-Jan-20,26339.04,2-Apr-20,Paid,SAR,
ISI-22030056,,19-Jan-20,42873.94,2-Apr-20,Paid,SAR,
ISI-22030057,,19-Jan-20,20727.22,2-Apr-20,Paid,SAR,
ISI-22030054,,19-Jan-20,42034.12,2-Apr-20,Paid,SAR,
ISI-22030101,8700002611,23-Jan-20,23412.48,2-Apr-20,Paid,SAR,
ISI-22030097,8700002611,23-Jan-20,32375.07,2-Apr-20,Paid,SAR,
ISI-22030098,8700002611,23-Jan-20,109380.18,2-Apr-20,Paid,SAR,
ISI-22030058,8700002611,19-Jan-20,42588.48,2-Apr-20,Paid,SAR,
ISI-22030059,8700002611,19-Jan-20,14566.23,2-Apr-20,Paid,SAR,
ISI-22030100,8700002611,23-Jan-20,32902.69,2-Apr-20,Paid,SAR,
ISI-22030099,8700002611,23-Jan-20,31404.24,2-Apr-20,Paid,SAR,
MSI-22030006,4502139002,31-Jan-20,40320,2-Apr-20,Paid,SAR,
ISI-22030401,8700002683,24-Feb-20,10974.6,30-Apr-20,Paid,SAR,
ISI-22030339,8700002643,19-Feb-20,22033.62,30-Apr-20,Paid,SAR,
ISI-22030340,8700002673,19-Feb-20,25871.91,30-Apr-20,Paid,SAR,
ISI-22030373,8700002611,20-Feb-20,10974.6,30-Apr-20,Paid,SAR,
ISI-22030286,8700002611,13-Feb-20,6802.84,30-Apr-20,Paid,SAR,
ISI-22030391,8700002657,24-Feb-20,11286.95,30-Apr-20,Paid,SAR,
ISI-22030394,8700002657,24-Feb-20,7305.14,30-Apr-20,Paid,SAR,
ISI-22030398,8700002666,24-Feb-20,10932.39,30-Apr-20,Paid,SAR,
ISI-22030399,8700002666,24-Feb-20,4034.57,30-Apr-20,Paid,SAR,
ISI-22030262,8700002611,10-Feb-20,16715.16,30-Apr-20,Paid,SAR,
ISI-22030335,8700002611,19-Feb-20,14309.19,30-Apr-20,Paid,SAR,
ISI-22030336,8700002611,17-Feb-20,14857.92,30-Apr-20,Paid,SAR,
ISI-22030337,8700002611,19-Feb-20,57191.03,30-Apr-20,Paid,SAR,
ISI-22030338,8700002611,19-Feb-20,48555.57,30-Apr-20,Paid,SAR,
ISI-22030454,8700002657,27-Feb-20,5220.67,30-Apr-20,Paid,SAR,
ISI-22030393,8700002657,24-Feb-20,7851.06,30-Apr-20,Paid,SAR,
ISI-22030362,8700002611,20-Feb-20,41728.8,30-Apr-20,Paid,SAR,
ISI-22030378,8700002611,23-Feb-20,65948.9,30-Apr-20,Paid,SAR,
ISI-22030390,8700002657,24-Feb-20,4503.8,30-Apr-20,Paid,SAR,
ISI-22030431,8700002657,25-Feb-20,9775.83,30-Apr-20,Paid,SAR,
IS-I22030397,8700002611,24-Feb-20,6477.12,30-Apr-20,Paid,SAR,
ISI-22030388,8700002611,24-Feb-20,57250.83,30-Apr-20,Paid,SAR,
ISI-22030377,8700002611,23-Feb-20,21949.2,30-Apr-20,Paid,SAR,
ISI-22030370,8700002611,20-Feb-20,24498.68,30-Apr-20,Paid,SAR,
ISI-22030364,8700002611,20-Feb-20,56235.67,30-Apr-20,Paid,SAR,
ISI-22030396,8700002643,24-Feb-20,6136.63,30-Apr-20,Paid,SAR,
ISI-21932148,8700002513,9-Oct-19,4210.48,2-Apr-20,Paid,SAR,
ISI-21932335,8700002550,30-Oct-19,14610.13,2-Apr-20,Paid,SAR,
ISI-21932356,8700002550,31-Oct-19,42450.13,2-Apr-20,Paid,SAR,
ISI-21932357,8700002550,31-Oct-19,44881.2,2-Apr-20,Paid,SAR,
ISI-21932253,8700002550,22-Oct-19,34801.63,2-Apr-20,Paid,SAR,
ISI-21932311,8700002513,27-Oct-19,79644.71,2-Apr-20,Paid,SAR,
ISI-21932563,8700002550,27-Nov-19,33557.32,2-Apr-20,Paid,SAR,
ISI-21932252,8700002513,22-Oct-19,36528.55,2-Apr-20,Paid,SAR,
ISI-21932254,8700002550,22-Oct-19,37039.27,2-Apr-20,Paid,SAR,
ISI-22030514,8700002652,29-Feb-20,9218.66,30-Apr-20,Paid,SAR,
ISI-22030518,8700002673,29-Feb-20,7450.07,30-Apr-20,Paid,SAR,
ISI-22030515,8700002652,29-Feb-20,5238.26,30-Apr-20,Paid,SAR,
ISI-22030516,8700002673,29-Feb-20,7316.4,30-Apr-20,Paid,SAR,
ISI-22030231,8700002611,8-Feb-20,32822.5,30-Apr-20,Paid,SAR,
ISI-22030389,8700002657,24-Feb-20,10991.48,30-Apr-20,Paid,SAR,
ISI-22030374,8700002611,20-Feb-20,9488.81,30-Apr-20,Paid,SAR,
ISI-22030334,8700002611,19-Feb-20,13764.68,30-Apr-20,Paid,SAR,
ISI-22030392,8700002657,24-Feb-20,3480.92,30-Apr-20,Paid,SAR,
MSI-22030014,4502147898,11-Feb-20,67410,30-Apr-20,Paid,SAR,
MSI-22030011,4502144926,11-Feb-20,80640,30-Apr-20,Paid,SAR,
MSI-22030012,4502138587,11-Feb-20,7560,30-Apr-20,Paid,SAR,
ISI-22030425,8700002611,24-Feb-20,5136.96,30-Apr-20,Paid,SAR,
MSI-22030013,4502144929,11-Feb-20,52920,30-Apr-20,Paid,SAR,
ISI-22030430,8700002611,26-Feb-20,32256.36,30-Apr-20,Paid,SAR,
ISI-22030668,8700002673,25-Mar-20,76940.39,4-Jun-20,Paid,SAR,
ISI-22030654,8700002673,23-Mar-20,15393.28,4-Jun-20,Paid,SAR,
ISI-22030611,8700002673,16-Mar-20,14632.8,4-Jun-20,Paid,SAR,
ISI-22030587,8700002673,15-Mar-20,41368.61,4-Jun-20,Paid,SAR,
ISI-22030689,8700002673,24-Mar-20,75218.22,4-Jun-20,Paid,SAR,
ISI-22030571,8700002673,11-Mar-20,21611.52,4-Jun-20,Paid,SAR,
ISI-22030707,8700002673,29-Mar-20,21119.07,4-Jun-20,Paid,SAR,
ISI-22030572,8700002673,11-Mar-20,32417.28,4-Jun-20,Paid,SAR,
ISI-22030690,8700002673,24-Mar-20,43965.94,4-Jun-20,Paid,SAR,
ISI-22030589,8700002673,15-Mar-20,10179.65,4-Jun-20,Paid,SAR,
ISI-22030583,8700002673,15-Mar-20,10918.32,4-Jun-20,Paid,SAR,
ISI-22030612,8700002673,16-Mar-20,46093.32,4-Jun-20,Paid,SAR,
ISI-22030657,8700002673,23-Mar-20,15519.21,4-Jun-20,Paid,SAR,
ISI-22030685,8700002673,26-Mar-20,61376.15,4-Jun-20,Paid,SAR,
ISI-22030667,8700002673,24-Mar-20,55034.81,4-Jun-20,Paid,SAR,
ISI-22030629,8700002673,18-Mar-20,7316.4,4-Jun-20,Paid,SAR,
ISI-22030603,8700002673,16-Mar-20,21949.2,4-Jun-20,Paid,SAR,
ISI-22030586,8700002673,15-Mar-20,32923.8,4-Jun-20,Paid,SAR,
ISI-22030574,8700002673,11-Mar-20,43898.4,4-Jun-20,Paid,SAR,
ISI-22030570,8700002673,11-Mar-20,28263.53,4-Jun-20,Paid,SAR,
ISI-22030665,8700002673,24-Mar-20,75052.19,4-Jun-20,Paid,SAR,
ISI-22030628,8700002673,18-Mar-20,12198.69,4-Jun-20,Paid,SAR,
ISI-22030585,8700002673,15-Mar-20,87898.1,4-Jun-20,Paid,SAR,
ISI-22030573,8700002673,11-Mar-20,54873,4-Jun-20,Paid,SAR,
ISI-22030584,8700002673,15-Mar-20,18572.4,4-Jun-20,Paid,SAR,
ISI-22030602,8700002673,16-Mar-20,7316.4,4-Jun-20,Paid,SAR,
ISI-22030513,8700002673,29-Feb-20,75640.32,30-Apr-20,Paid,SAR,
ISI-21932013,8700002457,25-Sep-19,22274.03,30-Apr-20,Paid,SAR,
ISI-22030779,8700002696,31-Mar-20,21949.2,4-Jun-20,Paid,SAR,
ISI-22030752,8700002673,31-Mar-20,54873,4-Jun-20,Paid,SAR,
ISI-22030793,8700002673,31-Mar-20,98771.4,4-Jun-20,Paid,SAR,
ISI-22030794,8700002696,31-Mar-20,58531.2,4-Jun-20,Paid,SAR,
ISI-21932010,8700002457,25-Sep-19,19425.29,30-Apr-20,Paid,SAR,
ISI-22030826,,9-Apr-20,13718.25,30-Jun-20,Paid,SAR,
ISI-22030824,8700002696,9-Apr-20,22219.34,30-Jun-20,Paid,SAR,
ISI-22030815,8700002673,7-Apr-20,31826.34,30-Jun-20,Paid,SAR,
ISI-22030822,8700002696,9-Apr-20,36783.2,30-Jun-20,Paid,SAR,
ISI-22030828,8700002696,9-Apr-20,49568.61,30-Jun-20,Paid,SAR,
ISI-22030823,8700002696,9-Apr-20,21954.83,30-Jun-20,Paid,SAR,
ISI-22030825,8700002696,9-Apr-20,12620.79,30-Jun-20,Paid,SAR,
ISI-22030102,8700002611,23-Jan-20,7673.78,30-Apr-20,Paid,SAR,
ISI-21932312,8700002550,27-Oct-19,42168.5,30-Apr-20,Paid,SAR,
ISI-21932012,8700002457,25-Sep-19,5416.36,30-Apr-20,Paid,SAR,
ISI-22030914,8700002696,21-Apr-20,98771.4,30-Jun-20,Paid,SAR,
ISI-22030855,8700002696,14-Apr-20,41491.72,30-Jun-20,Paid,SAR,
ISI-22030867,8700002696,15-Apr-20,36019.2,30-Jun-20,Paid,SAR,
MSI-22030007,8100017851,31-Jan-20,3150,20-May-20,Paid,SAR,
ISI-22030929,8700002696,22-Apr-20,32974.45,30-Jun-20,Paid,SAR,
ISI-22030996,8700002696,27-Apr-20,23961.21,30-Jun-20,Paid,SAR,
ISI-22030961,8700002696,26-Apr-20,98771.4,30-Jun-20,Paid,SAR,
ISI-22030936,8700002696,22-Apr-20,28325.72,30-Jun-20,Paid,SAR,
ISI-22030953,8700002696,26-Apr-20,54507.18,30-Jun-20,Paid,SAR,
ISI-22030938,8700002696,22-Apr-20,34237.23,30-Jun-20,Paid,SAR,
ISI-22030939,8700002696,22-Apr-20,28365.12,30-Jun-20,Paid,SAR,
MSI-22030029,4502185163,29-Apr-20,3150,30-Jun-20,Paid,SAR,
ISI-21932898,,30-Dec-19,29104.44,20-May-20,Paid,SAR,
ICN-22030022,,30-Mar-20,-637.32,20-May-20,Paid,SAR,
ISI-21932895,,30-Dec-19,137232.9,4-Jun-20,Paid,SAR,
ICN-22030020,,30-Mar-20,-3005.1,4-Jun-20,Paid,SAR,
ISI-20200032,,8-Jan-20,21915.54,4-Jun-20,Paid,SAR,
ICN-22030027,,30-Mar-20,-479.9,4-Jun-20,Paid,SAR,
ISI-22031090,8700002696,14-May-20,29055.96,28-Jul-20,Paid,SAR,
ISI-22031088,8700002696,14-May-20,35907.34,28-Jul-20,Paid,SAR,
ISI-22031091,8700002696,14-May-20,35609.06,28-Jul-20,Paid,SAR,
ISI-22031063,3500001504,7-May-20,13604.54,28-Jul-20,Paid,SAR,
ISI-22031089,8700002696,14-May-20,29423.89,28-Jul-20,Paid,SAR,
ISI-22030006,,12-Jan-20,37383.02,18-Jun-20,Paid,SAR,
ICN-22030029,,30-Mar-20,-818.61,18-Jun-20,Paid,SAR,
ISI-22030005,,12-Jan-20,123423.3,18-Jun-20,Paid,SAR,
ICN-22030028,,28-Apr-20,-2702.7,18-Jun-20,Paid,SAR,
ISI-22031161,8700002696,28-May-20,197542.8,28-Jul-20,Paid,SAR,
ISI-22031160,8700002696,28-May-20,29265.6,28-Jul-20,Paid,SAR,
ISI-22031162,8700002696,28-May-20,22742.75,28-Jul-20,Paid,SAR,
ISI-22031167,8700002696,28-May-20,39590.17,28-Jul-20,Paid,SAR,
ISI-22031032,8700002696,30-Apr-20,23412.48,30-Jun-20,Paid,SAR,
MSI-22030034,4502236277,31-May-20,11340,28-Jul-20,Paid,SAR,
ISI-22031201,8700002696,31-May-20,21864.78,28-Jul-20,Paid,SAR,
ISI-22030937,8700002696,22-Apr-20,26991.18,30-Jun-20,Paid,SAR,
ISI-22031249,8700002696,31-May-20,14207.18,28-Jul-20,Paid,SAR,
ISI-22031202,8700002696,31-May-20,28380.6,28-Jul-20,Paid,SAR,
ISI-21932893,8700002611,30-Dec-19,43946.17,16-Jul-20,Paid,SAR,
ICN-22030021,,30-Mar-20,-962.33,16-Jul-20,Paid,SAR,
ISI-22031464,8700002735,27-Jun-20,42754.5,29-Aug-20,Post,SAR,
ISI-22031463,8700002745,27-Jun-20,43404.54,29-Aug-20,Post,SAR,
ISI-22031466,8700002696,27-Jun-20,28829.43,29-Aug-20,Post,SAR,
ISI-22031487,8700002696,29-Jun-20,87796.8,29-Aug-20,Post,SAR,
ISI-22031102,8700002696,14-May-20,43898.4,28-Jul-20,Paid,SAR,
ISI-22031312,8700002696,14-Jun-20,23598.2,29-Aug-20,Post,SAR,
ISI-22031367,8700002696,18-Jun-20,28280.7,29-Aug-20,Post,SAR,
ISI-22031310,8700002735,14-Jun-20,41574.04,29-Aug-20,Post,SAR,
ISI-22031311,8700002745,14-Jun-20,37707.6,29-Aug-20,Post,SAR,
ISI-22031313,8700002696,14-Jun-20,14689.08,29-Aug-20,Post,SAR,
ISI-22031309,8700002696,14-Jun-20,36227.44,29-Aug-20,Post,SAR,
ISI-22031366,8700002696,18-Jun-20,42800.94,29-Aug-20,Post,SAR,
ISI-21932894,,30-Dec-19,43206.78,20-Jan-20,Post,SAR,
ICN-22030025,,30-Mar-20,-946.13,20-Apr-20,Post,SAR,
ISI-22031532,8700002751,30-Jun-20,34915.41,29-Aug-20,Post,SAR,
ISI-22031518,8700002751,30-Jun-20,42395.71,29-Aug-20,Post,SAR,
ISI-22031517,8700002751,30-Jun-20,41740.07,29-Aug-20,Post,SAR,
ISI-22031507,8700002696,29-Jun-20,14400.65,29-Aug-20,Post,SAR,
ISI-22031647,8700002751,16-Jul-20,47256.29,29-Sep-20,Post,SAR,
ISI-22031519,8700002751,30-Jun-20,48378.29,29-Aug-20,Post,SAR,
ISI-22031531,8700002751,30-Jun-20,34569.99,29-Aug-20,Post,SAR,
ISI-21932721,,16-Dec-19,41842.89,5-Mar-20,Paid,SAR,
ISI-21932932,,31-Dec-19,26435.05,5-Mar-20,Paid,SAR,
ISI-21932877,,29-Dec-19,61319.66,5-Mar-20,Paid,SAR,
ISI-22030066,1710001306,19-Jan-20,30362.85,2-Apr-20,Paid,SAR,
ISI-22030067,1710001306,19-Jan-20,6747.3,2-Apr-20,Paid,SAR,
ISI-21932309,1710001096,27-Oct-19,28348.95,2-Apr-20,Paid,SAR,
ISI-21931405,1710001096,21-Jul-19,2678.68,2-Apr-20,Paid,SAR,
ISI-21932236,1710001215,20-Oct-19,35985.6,2-Apr-20,Paid,SAR,
ISI-21932675,1710001279,9-Dec-19,74220.3,2-Apr-20,Paid,SAR,
ISI-22030359,1710001336,20-Feb-20,74261.25,30-Apr-20,Paid,SAR,
ISI-22030255,1710001336,10-Feb-20,32287.5,30-Apr-20,Paid,SAR,
ISI-22030886,1710001394,18-Apr-20,71032.5,30-Jun-20,Paid,SAR,
ISI-22030960,1710001407,26-Apr-20,53978.4,30-Jun-20,Paid,SAR,
ISI-22030988,1710001407,28-Apr-20,20241.9,28-Jul-20,Paid,SAR,
ISI-22031266,1710001430,7-Jun-20,36829.01,29-Aug-20,Post,SAR,
ISI-21932665,,8-Dec-19,27933.95,5-Mar-20,Paid,SAR,
ISI-21932659,,4-Dec-19,11612.87,5-Mar-20,Paid,SAR,
ISI-22030007,,12-Jan-20,30694.07,2-Apr-20,Paid,SAR,
ISI-22030008,,12-Jan-20,27604.64,2-Apr-20,Paid,SAR,
ISI-21932749,,22-Dec-19,28736.16,5-Mar-20,Paid,SAR,
ISI-21932748,,22-Dec-19,23349.06,5-Mar-20,Paid,SAR,
ISI-21932294,,28-Oct-19,14580.48,13-Feb-20,Paid,SAR,
ISI-22030103,8500002947,23-Jan-20,25336.06,2-Apr-20,Paid,SAR,
ISI-22030069,8500002947,19-Jan-20,26297.76,2-Apr-20,Paid,SAR,
ISI-22030068,,19-Jan-20,21316.01,2-Apr-20,Paid,SAR,
ISI-22030369,8500002947,20-Feb-20,3239.93,30-Apr-20,Paid,SAR,
ISI-22030368,8500002947,20-Feb-20,18416.44,30-Apr-20,Paid,SAR,
ISI-22030372,8500002947,20-Feb-20,28790.7,30-Apr-20,Paid,SAR,
ISI-22030367,8500002947,20-Feb-20,6848.52,30-Apr-20,Paid,SAR,
ISI-22030395,8500002947,24-Feb-20,8182.32,30-Apr-20,Paid,SAR,
ISI-22030371,8500002947,20-Feb-20,20297.02,30-Apr-20,Paid,SAR,
ISI-22030365,8500002947,20-Feb-20,10272.78,30-Apr-20,Paid,SAR,
ISI-21932286,8500002876,27-Oct-19,44989.87,2-Apr-20,Paid,SAR,
ISI-21932293,8500002876,27-Oct-19,27907.42,2-Apr-20,Paid,SAR,
ISI-21932353,8500002876,30-Oct-19,34557.41,2-Apr-20,Paid,SAR,
ISI-21932266,8500002838,23-Oct-19,12332.25,2-Apr-20,Paid,SAR,
ISI-21932354,8500002876,30-Oct-19,21229.03,2-Apr-20,Paid,SAR,
ISI-22030639,8500003009,22-Mar-20,29122.09,4-Jun-20,Paid,SAR,
ISI-22030641,8500003009,22-Mar-20,44687.24,4-Jun-20,Paid,SAR,
ISI-22030663,8500003009,22-Mar-20,51118.4,4-Jun-20,Paid,SAR,
ISI-22030642,8500003009,22-Mar-20,44516.68,4-Jun-20,Paid,SAR,
MSI-22030015,,25-Feb-20,40320,30-Apr-20,Paid,SAR,
ISI-22030827,8500003009,9-Apr-20,28300.91,30-Jun-20,Paid,SAR,
MSI-22030024,8000085299,31-Mar-20,6966.75,4-Jun-20,Paid,SAR,
MSI-22030021,4502180288,31-Mar-20,4588.5,4-Jun-20,Paid,SAR,
ISI-22031034,8500003095,30-Apr-20,175140,30-Jun-20,Paid,SAR,
ISI-22040691,8500003056,20-May-20,9996,28-Jul-20,Paid,SAR,
ISI-22031184,8500003073,31-May-20,36227.92,28-Jul-20,Paid,SAR,
ISI-22040703,8500003056,28-May-20,19992,28-Jul-20,Paid,SAR,
ISI-22031183,,31-May-20,50518.68,28-Jul-20,Paid,SAR,
ISI-22040742,8500003056,8-Jun-20,59976,29-Aug-20,Post,SAR,
MSI-22030033,4502233086,31-May-20,30240,28-Jul-20,Paid,SAR,
ISI-22031206,8500003095,31-May-20,28988.59,28-Jul-20,Paid,SAR,
ISI-22031075,8500003095,10-May-20,68304.6,28-Jul-20,Paid,SAR,
ISI-22031247,8500003095,31-May-20,25563.14,28-Jul-20,Paid,SAR,
ISI-22031248,8500003073,31-May-20,37072.48,28-Jul-20,Paid,SAR,
ISI-22031188,,31-May-20,35943.55,28-Jul-20,Paid,SAR,
ISI-22040470,8500003038,7-Apr-20,359.86,28-Jul-20,Paid,SAR,
ISI-22040469,8500003056,7-Apr-20,29988,28-Jul-20,Paid,SAR,
ISI-22031314,8500003095,14-Jun-20,74743.91,29-Aug-20,Post,SAR,
ISI-22031486,8500003107,29-Jun-20,21073.72,29-Aug-20,Post,SAR,
ISI-22031485,8500003095,29-Jun-20,56082.75,29-Aug-20,Post,SAR,
ISI-21932660,,4-Dec-19,24696,5-Mar-20,Paid,SAR,
ISI-21941785,,11-Dec-19,19177.2,5-Mar-20,Paid,SAR,
ISI-21941786,,11-Dec-19,143829,5-Mar-20,Paid,SAR,
ISI-21932680,,9-Dec-19,38690.4,5-Mar-20,Paid,SAR,
ISI-21932684,,10-Dec-19,14817.6,5-Mar-20,Paid,SAR,
ISI-21941871,,31-Dec-19,19687.5,5-Mar-20,Paid,SAR,
ISI-22030028,,13-Jan-20,18504.52,2-Apr-20,Paid,SAR,
ISI-22030027,,13-Jan-20,10760.19,2-Apr-20,Paid,SAR,
ISI-22030025,,13-Jan-20,11025,2-Apr-20,Paid,SAR,
ISI-22030024,,13-Jan-20,11285.12,2-Apr-20,Paid,SAR,
ISI-20200022,,7-Jan-20,39925.2,2-Apr-20,Paid,SAR,
ISI-22030038,,15-Jan-20,24696,2-Apr-20,Paid,SAR,
ISI-22030026,,13-Jan-20,11782.68,2-Apr-20,Paid,SAR,
ISI-22030124,,26-Jan-20,21419.91,2-Apr-20,Paid,SAR,
ISI-22030123,,26-Jan-20,11523.15,2-Apr-20,Paid,SAR,
ISI-22030222,5500014799,4-Feb-20,13407.31,30-Apr-20,Paid,SAR,
ISI-22030224,5500014799,4-Feb-20,11136.34,30-Apr-20,Paid,SAR,
ISI-22030226,5500014799,5-Feb-20,7241.16,30-Apr-20,Paid,SAR,
ISI-22030215,5500014810,3-Feb-20,16065,30-Apr-20,Paid,SAR,
ISI-22030096,4502103323,23-Jan-20,40214.61,2-Apr-20,Paid,SAR,
ISI-22030032,5500014453,14-Jan-20,12654.6,2-Apr-20,Paid,SAR,
ISI-22030041,4502100699,16-Jan-20,56183.4,2-Apr-20,Paid,SAR,
ISI-22030047,5500014618,16-Jan-20,8229.11,2-Apr-20,Paid,SAR,
ISI-22030221,5500014799,4-Feb-20,10789.25,30-Apr-20,Paid,SAR,
ISI-22030313,5500014618,17-Feb-20,5977.12,30-Apr-20,Paid,SAR,
MSI-22030008,4502115151,31-Jan-20,30240,2-Apr-20,Paid,SAR,
ISI-22030383,5500015053,24-Feb-20,32446.57,30-Apr-20,Paid,SAR,
ISI-21932310,4502035336,28-Oct-19,32853.39,2-Apr-20,Paid,SAR,
ISI-21931462,5500013197,23-Jul-19,6089.98,2-Apr-20,Paid,SAR,
ISI-21940996,5500013898,17-Jul-19,39375,2-Apr-20,Paid,SAR,
ISI-21941530,5500014283,27-Oct-19,19177.2,2-Apr-20,Paid,SAR,
ISI-21932559,5500014437,25-Nov-19,12033.78,2-Apr-20,Paid,SAR,
ISI-22030250,5500014952,9-Feb-20,20601,30-Apr-20,Paid,SAR,
ISI-22030480,5500014799,29-Feb-20,7941.93,30-Apr-20,Paid,SAR,
ISI-22030479,5500014799,29-Feb-20,16443,30-Apr-20,Paid,SAR,
ISI-22030453,5500014799,27-Feb-20,15876,30-Apr-20,Paid,SAR,
ISI-22030528,4502158977,4-Mar-20,21891.24,4-Jun-20,Paid,SAR,
ISI-22030527,4502149296,4-Mar-20,5672.73,4-Jun-20,Paid,SAR,
ISI-22030520,4502149296,1-Mar-20,7596.96,4-Jun-20,Paid,SAR,
ISI-22040163,5500014813,16-Feb-20,22470,30-Apr-20,Paid,SAR,
ISI-22030519,4502149296,1-Mar-20,14346.76,4-Jun-20,Paid,SAR,
ISI-22030481,5500014799,29-Feb-20,7828.84,30-Apr-20,Paid,SAR,
MSI-22030017,4502117838,29-Feb-20,15540,30-Apr-20,Paid,SAR,
ISI-22040286,5500014987,5-Mar-20,8988,4-Jun-20,Paid,SAR,
ISI-21932433,5500014404,7-Nov-19,7717.5,16-Apr-20,Paid,SAR,
SCN-22030012,,24-Mar-20,-735,16-Apr-20,Paid,SAR,
ISI-21932404,5500014404,4-Nov-19,11576.25,16-Apr-20,Paid,SAR,
SCN-22030008,,24-Mar-20,-1102.5,16-Apr-20,Paid,SAR,
ISI-21932407,5500014404,4-Nov-19,7717.5,16-Apr-20,Paid,SAR,
SCN-22030011,,24-Mar-20,-735,16-Apr-20,Paid,SAR,
ISI-21932406,5500014404,4-Nov-19,11576.25,16-Apr-20,Paid,SAR,
SCN-22030010,,24-Mar-20,-1102.5,16-Apr-20,Paid,SAR,
ISI-21932405,5500014404,4-Nov-19,11034.62,16-Apr-20,Paid,SAR,
SCN-22030009,,24-Mar-20,-1050.91,16-Apr-20,Paid,SAR,
ISI-22040341,5500015053,16-Mar-20,31458,4-Jun-20,Paid,SAR,
ISI-22030576,5500015137,11-Mar-20,11227.26,4-Jun-20,Paid,SAR,
ISI-22030575,5500015103,11-Mar-20,15051.08,4-Jun-20,Paid,SAR,
ISI-22030625,4502149296,18-Mar-20,25589.76,4-Jun-20,Paid,SAR,
ISI-22040303,5500015053,9-Mar-20,40446,4-Jun-20,Paid,SAR,
ISI-22030652,4502149296,23-Mar-20,12453.77,4-Jun-20,Paid,SAR,
ISI-22030565,4502158977,10-Mar-20,15193.92,4-Jun-20,Paid,SAR,
ISI-22030651,4502149296,23-Mar-20,14659.13,4-Jun-20,Paid,SAR,
ISI-22030669,4502170101,25-Mar-20,9996,4-Jun-20,Paid,SAR,
ISI-22030713,4502149296,29-Mar-20,37784.88,4-Jun-20,Paid,SAR,
ISI-21932434,,11-Nov-19,3617.29,4-Jun-20,Paid,SAR,
SCN-22030013,,24-Mar-20,-344.51,4-Jun-20,Paid,SAR,
ISI-22030819,,7-Apr-20,15993.6,30-Jun-20,Paid,SAR,
ISI-22030802,,5-Apr-20,5910.24,30-Jun-20,Paid,SAR,
ISI-22030746,5500015224,31-Mar-20,29768.45,4-Jun-20,Paid,SAR,
ISI-22030806,5500015155,5-Apr-20,3324.97,30-Jun-20,Paid,SAR,
ISI-22030582,4502170101,15-Mar-20,15903.64,4-Jun-20,Paid,SAR,
ISI-22030810,4502180315,6-Apr-20,55977.6,30-Jun-20,Paid,SAR,
ISI-22030613,4502170101,17-Mar-20,23990.4,4-Jun-20,Paid,SAR,
ISI-22030818,4502180315,7-Apr-20,13194.72,30-Jun-20,Paid,SAR,
ISI-22030801,5500015155,5-Apr-20,7182,30-Jun-20,Paid,SAR,
ISI-22030951,4502192111,23-Apr-20,8796.48,30-Jun-20,Paid,SAR,
ISI-22030926,4502192111,21-Apr-20,15993.6,30-Jun-20,Paid,SAR,
ISI-22030925,4502192111,21-Apr-20,55977.6,30-Jun-20,Paid,SAR,
ISI-22030915,4502192111,21-Apr-20,26519.38,30-Jun-20,Paid,SAR,
ISI-22030898,4502180315,19-Apr-20,2686.42,30-Jun-20,Paid,SAR,
ISI-22030889,4502192111,19-Apr-20,26589.36,30-Jun-20,Paid,SAR,
ISI-22030887,4502192111,18-Apr-20,41908.23,30-Jun-20,Paid,SAR,
ISI-22031031,4502203504,30-Apr-20,55977.6,30-Jun-20,Paid,SAR,
ISI-22030875,5500015155,16-Apr-20,21519.06,30-Jun-20,Paid,SAR,
ISI-22030899,5500015224,19-Apr-20,19845.63,30-Jun-20,Paid,SAR,
ISI-22030862,5500015155,15-Apr-20,11340,30-Jun-20,Paid,SAR,
ISI-22030913,4502191697,20-Apr-20,44782.08,30-Jun-20,Paid,SAR,
ISI-22030912,5500015224,20-Apr-20,29768.44,30-Jun-20,Paid,SAR,
ISI-22030910,5500015155,20-Apr-20,9261,30-Jun-20,Paid,SAR,
ISI-22030907,5500015155,20-Apr-20,4710.39,30-Jun-20,Paid,SAR,
ISI-22030885,4502192111,18-Apr-20,47980.8,30-Jun-20,Paid,SAR,
ISI-22030860,5500015155,15-Apr-20,21546,30-Jun-20,Paid,SAR,
ISI-22030861,5500015155,15-Apr-20,12501.86,30-Jun-20,Paid,SAR,
ISI-22030952,5500015206,23-Apr-20,38556,30-Jun-20,Paid,SAR,
ISI-22030944,4502192111,22-Apr-20,39984,30-Jun-20,Paid,SAR,
ISI-22030935,5500015224,22-Apr-20,13306.53,30-Jun-20,Paid,SAR,
ISI-22030934,4502192111,22-Apr-20,22191.12,30-Jun-20,Paid,SAR,
ISI-21931342,5500013797,10-Jul-19,6254.55,4-Jun-20,Paid,SAR,
ICN-22030016,,12-Apr-20,-148.13,4-Jun-20,Paid,SAR,
ISI-22031065,5500015155,7-May-20,15230.66,28-Jul-20,Paid,SAR,
ISI-22031152,4502211973,21-May-20,48780.48,28-Jul-20,Paid,SAR,
ISI-22031174,5500015155,31-May-20,16647.08,28-Jul-20,Paid,SAR,
ISI-22031172,5500015206,31-May-20,37084.75,28-Jul-20,Paid,SAR,
ISI-22031176,,31-May-20,10773,28-Jul-20,Paid,SAR,
ISI-22031175,5500015663,31-May-20,10773,28-Jul-20,Paid,SAR,
ISI-22030745,4502149296,31-Mar-20,37984.8,18-Jun-20,Paid,SAR,
ISI-22040516,5500014813,16-Apr-20,22470,30-Jun-20,Paid,SAR,
ISI-22030805,5500015155,5-Apr-20,12464.97,30-Jun-20,Paid,SAR,
ISI-22031055,5500015224,6-May-20,10300.5,28-Jul-20,Paid,SAR,
ISI-22031181,5500015552,31-May-20,30901.5,28-Jul-20,Paid,SAR,
ISI-22031179,5500015695,31-May-20,10773,28-Jul-20,Paid,SAR,
ISI-22031173,5500015155,31-May-20,5683.02,28-Jul-20,Paid,SAR,
ISI-22031305,4502211973,14-Jun-20,26389.44,29-Aug-20,Post,SAR,
ISI-22031260,5500015155,7-Jun-20,10516.6,29-Aug-20,Post,SAR,
ISI-22031215,4502211973,31-May-20,39984,28-Jul-20,Paid,SAR,
ISI-22031214,4502211973,31-May-20,39984,28-Jul-20,Paid,SAR,
ISI-22031242,5500015155,31-May-20,14860.51,28-Jul-20,Paid,SAR,
ISI-22031241,5500015155,31-May-20,9717.75,28-Jul-20,Paid,SAR,
ISI-22031240,5500015155,31-May-20,35910,28-Jul-20,Paid,SAR,
ISI-22031203,4502211973,31-May-20,79968,28-Jul-20,Paid,SAR,
ISI-22031258,5500015155,7-Jun-20,4654.93,29-Aug-20,Post,SAR,
ISI-22031216,4502211973,31-May-20,87964.8,28-Jul-20,Paid,SAR,
ISI-22031243,5500015155,31-May-20,8751.86,28-Jul-20,Paid,SAR,
ISI-22031335,5500015206,14-Jun-20,18797.19,29-Aug-20,Post,SAR,
ISI-22031393,5500015206,21-Jun-20,12989.64,29-Aug-20,Post,SAR,
ISI-22031399,5500015155,21-Jun-20,13183.56,29-Aug-20,Post,SAR,
ISI-22040830,5500015483,25-Jun-20,44940,29-Aug-20,Post,SAR,
ISI-22030843,5500015155,13-Apr-20,17742.01,28-Jul-20,Paid,SAR,
ISI-22040479,5500015392,9-Apr-20,134820,28-Jul-20,Paid,SAR,
ISI-22030909,5500015155,20-Apr-20,10739.63,28-Jul-20,Paid,SAR,
ISI-22030842,5500015155,13-Apr-20,7890.24,28-Jul-20,Paid,SAR,
ISI-22031096,4502191697,14-May-20,55977.6,28-Jul-20,Paid,SAR,
ISI-22031308,5500015155,14-Jun-20,10773,29-Aug-20,Post,SAR,
ISI-22031372,5500015155,18-Jun-20,12723.51,29-Aug-20,Post,SAR,
ISI-22031306,4502211973,14-Jun-20,7996.8,29-Aug-20,Post,SAR,
ISI-22031307,4502211973,14-Jun-20,7996.8,29-Aug-20,Post,SAR,
ISI-22031371,5500015155,18-Jun-20,13045,29-Aug-20,Post,SAR,
ISI-22031392,5500015155,21-Jun-20,13820.86,29-Aug-20,Post,SAR,
ISI-22031373,5500015155,18-Jun-20,10773,29-Aug-20,Post,SAR,
ISI-22031394,5500015155,21-Jun-20,7896.61,29-Aug-20,Post,SAR,
ISI-22031673,5500015910,20-Jul-20,11799,29-Sep-20,Post,SAR,
ISI-22031674,5500015910,20-Jul-20,11799,29-Sep-20,Post,SAR,
ISI-22031675,5500015910,20-Jul-20,11325.51,29-Sep-20,Post,SAR,
ISI-22031640,5500015974,15-Jul-20,39861.3,29-Sep-20,Post,SAR,
ISI-22031678,5500015910,20-Jul-20,11799,29-Sep-20,Post,SAR,
ISI-22031068,5500015155,7-May-20,13527.1,30-Jul-20,Obsolete,SAR,Amount differnt in letters and wordsReturn reasons:99 Other - See commentsComments:Amount differnt in letters and words
SCN-21930018,5500014404,31-Dec-19,5070.35,11-Apr-20,Obsolete,SAR,Recevied multiple creditnotes kindly provide the crdeitmemo eachinvoice.Return reasons:99 Other - See commentsComments:Recevied multiple creditnotes kindly provide the crdeitmemo eachinvoice.
ISI-22031239,5500015155,31-May-20,21473.88,30-Jul-20,Obsolete,SAR,Amount different between letters and wordsReturn reasons:99 Other - See commentsComments:Amount different between letters and words
ISI-21930750,3500001301,7-Apr-19,31641.12,14-Jul-20,Under Process,SAR,
ISI-21941788,,12-Dec-19,39165,5-Apr-20,Obsolete,SAR,There is no Po number available in invoice copy. Kindly resubmit theinvoice along with Po number for the further processReturn reasons:07 Missing or incorrect PO number99 Other - See commentsComments:There is no Po number available in invoice copy. Kindly
ISI-22040879,5500015975,5-Jul-20,44940,29-Sep-20,Obsolete,SAR,Kindly provide the delivery note with almarai recieved stampReturn reasons:99 Other - See commentsComments:Kindly provide the delivery note with almarai recieved stamp
49254,5500015975,5-Jul-20,62916,29-Sep-20,Obsolete,SAR,As per End-User commentsPlease inform supplier to provide delivery note with Almarai StampsKindly submit the revised invoice to the email -Accountspayable@almarai.comReturn reasons:99 Other - See commentsComments:As per End-User commentsPlease inform supp
ISI-22031101,5500015552,14-May-20,10300.5,23-Aug-20,Under Process,SAR,
ICN-22030039,5500011895,30-Mar-20,2205,23-Aug-20,Under Process,SAR,
SCN-21830099,5500011633,23-Apr-19,744.18,19-Apr-20,Obsolete,SAR,As per buyer comments we are returning the invoice please find thecomments.Return reasons:99 Other - See commentsComments:As per buyer comments we are returning the invoice please find thecomments.
ICN-22030043,5500014952,16-Jun-20,829.45,16-Aug-20,Under Process,SAR,
ICN-22030040,3500001301,16-Jun-20,3640.9,14-Jul-20,Under Process,SAR,
ISI-21931356,5500012893,15-Jul-19,3064.84,14-May-20,Obsolete,SAR,As per Receiver Comments;The delivery note that you attached is no receiving stamp of Almaraikindly find attachedkindly re-submit the invoice with Almarai stamp.Return reasons:99 Other - See commentsComments:As per Receiver Comments;The delivery note that
ISI-21930259,7600000228,7-Feb-19,4753.98,15-Apr-20,Obsolete,SAR,649592
ISI-21931893,7600000273,10-Sep-19,47864.09,23-Aug-20,Under Process,SAR,
ISI-21932161,1710001096,13-Oct-19,6073.2,23-Apr-20,Obsolete,SAR,The invoice menionted delivery note mentioned both invoice so we alreadyutilised the delivery note against the invoice#  ISI-21932149Kinldy resubmit the invoice along with correct delivery note for thefuther processReturn reasons:99 Other - See commentsCo
ISI-21932683,1710001279,9-Dec-19,67473,20-Apr-20,Obsolete,SAR,The invoice mentioned delivery note already utilised against theinvoice#ISI-21932675Kinldly resubmit the invoice along with correct delivery note for thefurther processReturn reasons:99 Other - See commentsComments:The invoice mentioned delivery note alre
ISI-22031657,1710001490,19-Jul-20,51723.49,29-Sep-20,Under Process,SAR,
SR2000020,,24-Dec-19,6478.92,,Under Process,SAR,
ISI-22031535,8500003107,30-Jun-20,43785,29-Aug-20,Under Process,SAR,
ISI-22031539,8500003073,30-Jun-20,35973.45,29-Aug-20,Under Process,SAR,
ISI-22031516,8500003073,30-Jun-20,35950.07,29-Aug-20,Under Process,SAR,
ISI-22031648,8500003107,16-Jul-20,24696.83,29-Sep-20,Under Process,SAR,
ISI-21932003,8700002457,25-Sep-19,33411.03,6-Apr-20,Obsolete,SAR,Kindly provide the seperate Invoice for the line item 2 since the lineitem 1 was already been posted with same reference.Return reasons:05 Duplicate invoiceComments:Kindly provide the seperate Invoice for the line item 2 since the lineitem 1 was already b
ISI-21932003/13,8700002457,25-Sep-19,33411.03,26-Apr-20,Obsolete,SAR,Invoice Received 2 line item amount 10606.68; 22274.02 for this invoiceISI-21932003/13 but line item amount 10606.68 is already utilized forinvoice ISI-21932003 so kindly re-sumit the invoice only for remainigamount 22274.02.Note:  please send all scan co
ISI-21932897,,30-Dec-19,9839.34,,Under Process,SAR,
ISI-21932006,8700002457,25-Sep-19,30623.16,6-Apr-20,Obsolete,SAR,1st line item of the Invoice was already posted and kindly send theseprrate Invoice for 2nd line item alone.Return reasons:05 Duplicate invoiceComments:1st line item of the Invoice was already posted and kindly send theseprrate Invoice for 2nd line item a
ISI-219320610/6,8700002457,25-Sep-19,30623.16,16-Apr-20,Obsolete,SAR,The invoice amount 10664.64 is already paid in for invoice ISI-21932006so kindly re-sumit the invoice only for revised invoice amount 19425.29.Return reasons:99 Other - See commentsComments:The invoice amount 10664.64 is already paid in for invoice ISI-21
ISI-22030397,8700002611,24-Feb-20,6477.12,29-Apr-20,Obsolete,SAR,5105779307
MSI-22030023,4502185163,31-Mar-20,3465,30-May-20,Obsolete,SAR,"As per receiver comment we are rejecting your inovice-""reject tosupplier total not match with po""Kindly resubmit the invoie along with correct priceReturn reasons:99 Other - See commentsComments:As per receiver comment we are rejecting your inovice-""rejec"
ISI-22031536,8700002751,30-Jun-20,29946.59,29-Aug-20,Under Process,SAR,
ICN-22030024,8700002611,30-Mar-20,707.43,12-Aug-20,Under Process,SAR,
ISI-21931507,8700002457,29-Jul-19,20080.24,,Under Process,SAR,
ISI-21932143/48,8700002513,9-Oct-19,37560.67,3-May-20,Obsolete,SAR,the invoice posted 722870;662285
MS-22030011,4502144926,11-Feb-20,80640,29-Apr-20,Obsolete,SAR,Duplicate 723334
ISI-21932017,8700002508,26-Sep-19,46425.96,12-Apr-20,Obsolete,SAR,posted outside vim 5105710437
ISI-22030256,5500014952,10-Feb-20,16731.34,24-Aug-20,Under Process,SAR,
